{"cameraMode":{"drawMode":0,"name":"Shaded","section":"Shading Mode"},"sceneLighting":true,"audioPlay":false,"sceneViewState":{"showFog":false,"showMaterialUpdate":false,"showSkybox":true,"showFlares":false,"showImageEffects":false,"showParticleSystems":false},"in2DMode":false,"pivot":{"x":24.698657989501954,"y":-62.40917205810547,"z":-65.03612518310547},"rotation":{"x":0.04197591915726662,"y":0.946958065032959,"z":-0.28702205419540408,"w":0.13846366107463838},"size":144.90684509277345,"orthographic":false}